영화명,F등급,평균좌석판매율,전체배정좌석수
워킹걸,1,28.759999999999998,808885.0
설해,0,15.222222222222225,30247.0
허삼관,0,28.445999999999998,3726538.0
오늘의 연애,0,24.178000000000008,6708180.0
고양이 장례식,0,21.158333333333328,61897.0
미라클 여행기,1,12.6952380952381,57618.0
강남 1970,0,42.337662337662344,8366481.0
생각보다 맑은,2,11.23725490196078,61111.0
내 심장을 쏴라,1,37.17142857142857,2722030.0
어우동: 주인 없는 꽃,0,17.441176470588214,27535.0
망원동 인공위성,0,14.738297872340432,55793.0
쎄시봉,0,35.77536231884058,7818486.0
최강전사 미니특공대 : 새로운 악당의 습격,0,15.875362318840578,504248.0
조선명탐정 : 사라진 놉의 딸,1,25.155999999999995,13510641.0
꿈보다 해몽,0,7.773239436619725,96887.0
조류인간,0,8.25952380952381,60757.0
기화,0,21.711764705882356,5402.0
순수의 시대,1,15.518604651162793,3842787.0
개: dog eat dog,0,12.956521739130427,14742.0
헬머니,1,15.346551724137926,2998092.0
소셜포비아,0,22.552205882352947,1945482.0
살인의뢰,0,25.95510204081634,5135727.0
그라운드의 이방인,0,14.26545454545454,99960.0
태양을 쏴라,0,12.893333333333336,307739.0
스물,0,27.541975308641966,15052130.0
세계일주,0,22.136666666666667,94425.0
파울볼,1,14.89795918367347,488541.0
화장,1,20.063768115942025,1636957.0
후쿠시마의 미래,1,7.580000000000007,26638.0
장수상회,0,34.46666666666666,7420481.0
검은손,1,7.742105263157894,387984.0
반짝이는 박수 소리,2,16.877500000000005,85282.0
약장수,0,17.813793103448273,482347.0
위험한 상견례 2,1,26.016666666666662,2065178.0
차이나타운,1,16.15540540540541,5525993.0
다이노 타임,1,16.771812080536904,762316.0
플랑크 상수,0,14.754545454545443,6647.0
잡식가족의 딜레마,3,17.234065934065924,70086.0
연애의 맛,0,26.084615384615383,1463138.0
명량: 회오리 바다를 향하여,0,19.668749999999996,177354.0
명령불복종 교사,1,17.628205128205128,22210.0
악의 연대기,0,29.559615384615384,8885269.0
간신,0,23.98571428571429,5146235.0
산다,0,12.917647058823535,83017.0
막걸스,1,9.404347826086957,36663.0
무뢰한,0,16.947058823529414,3117904.0
코인라커,1,13.052631578947368,21564.0
은밀한 유혹,1,16.975675675675678,1996840.0
마이 페어 웨딩,2,15.176470588235292,115621.0
한여름의 판타지아,1,12.022651933701656,318547.0
경성학교: 사라진 소녀들,1,31.765714285714285,2198583.0
극비수사,0,28.052941176470586,9250398.0
성난 화가,0,21.85625,9123.0
연평해전,0,37.8578431372549,17497072.0
소수의견,0,25.396610169491524,1917551.0
나의 절친 악당들,0,16.59642857142857,1135198.0
마돈나,3,12.26229508196721,160893.0
파스카,3,7.034999999999999,22883.0
레드 툼,0,7.657142857142858,35303.0
손님,0,29.945714285714285,2998477.0
쓰리 썸머 나잇,0,18.650000000000002,604161.0
폴라로이드,1,70.51538461538462,197013.0
밀양 아리랑,1,12.939285714285715,52118.0
악인은 살아 있다,0,23.275,14737.0
암살,1,30.082467532467533,25466132.0
고녀석 맛나겠다2 : 함께라서 행복해,0,19.987401574803155,138603.0
살인재능,0,8.686206896551724,27275.0
무서운 집,1,11.666666666666664,3736.0
베테랑,0,29.704697986577163,31567767.0
이바라키의 여름,1,8.845454545454546,9465.0
"협녀, 칼의 기억",0,25.536585365853654,2037147.0
위로공단,1,17.249275362318837,138482.0
미쓰 와이프,1,35.708450704225356,3229036.0
에스엠타운 더 스테이지,0,38.452380952380956,80096.0
성실한 나라의 앨리스,1,13.998947368421046,353492.0
순교,1,29.995070422535218,58471.0
뷰티 인사이드,2,23.563636363636373,7198080.0
퇴마: 무녀굴,0,31.85333333333333,703584.0
치외법권,0,24.153125,1924020.0
오피스,2,31.86200000000001,2267022.0
기적의 피아노,1,19.553191489361698,127971.0
돼지 같은 여자,1,14.561290322580646,146675.0
사랑이 이긴다,1,45.00370370370371,81713.0
영도,0,11.187179487179488,51074.0
함정,0,28.248148148148154,1279979.0
제 7기사단,0,19.13125,141179.0
슈퍼레이서 엔지,0,12.480487804878052,90929.0
사도,0,28.823008849557507,19953226.0
덫: 치명적인 유혹,0,12.599999999999996,2373.0
션샤인 러브,0,8.425,37633.0
서부전선,0,26.528571428571436,2260538.0
지금은맞고그때는틀리다,0,11.396428571428572,558441.0
탐정 : 더 비기닝,0,33.58026315789473,7395069.0
춘희막이,1,23.026760563380275,534096.0
성난 변호사,1,28.124528301886798,4775845.0
"안녕, 전우치! 도술로봇대결전",1,13.613559322033893,176109.0
비밀,1,16.375,626398.0
돌연변이,0,18.092307692307692,824297.0
특종: 량첸살인기,2,26.534042553191497,4807497.0
필름시대사랑,0,4.122222222222221,52648.0
더 폰,0,25.385714285714283,8174103.0
어떤살인,1,23.384210526315787,329725.0
미안해 사랑해 고마워,0,33.46774193548387,877012.0
그놈이다,0,22.14772727272728,5849979.0
울보 권투부,0,15.207843137254903,39537.0
거짓말,3,9.779411764705882,75960.0
들꽃,1,9.34666666666667,30433.0
검은 사제들,0,28.150000000000006,19755682.0
늙은 자전거,0,11.053409090909083,58832.0
세상끝의 사랑,1,21.2,124398.0
내부자들,0,28.559047619047615,24878459.0
꾸루꾸루와 친구들: 무지개 나무의 비밀,1,16.162162162162154,79940.0
해에게서 소년에게,1,2.684374999999999,33593.0
도리화가,0,26.524999999999995,2733114.0
열정같은소리하고있네,1,26.75,4121209.0
아일랜드 - 시간을 훔치는 섬,0,2.607142857142857,42287.0
어떤이의 꿈,0,9.967647058823534,37010.0
서태지밴드 콘서트투어 '콰이어트나이트',0,28.36428571428572,22482.0
위선자들,1,34.30952380952382,39758.0
나쁜 나라,2,13.449137931034489,170706.0
극적인 하룻밤,0,22.630952380952387,2299559.0
앨리스: 원더랜드에서 온 소년,2,27.139999999999997,80749.0
그들이 죽었다,0,11.471111111111112,48467.0
타이밍,1,10.448571428571432,340289.0
불안한 외출,0,17.281818181818174,22935.0
타투,0,15.966666666666669,143308.0
파일 : 4022일의 사육,0,9.154545454545453,4998.0
뽀로로 극장판 컴퓨터 왕국 대모험,1,19.80459770114943,1486825.0
히말라야,0,29.348275862068963,22905936.0
대호,0,27.331746031746036,5675019.0
"나의 아들, 나의 어머니",1,14.558064516129033,66261.0
인 허 플레이스,1,8.478260869565219,32727.0
조선마술사,0,22.560526315789474,2420055.0
내부자들: 디 오리지널,0,19.65147058823529,6672640.0
나를 잊지 말아요,2,20.424999999999994,2592833.0
잡아야 산다,0,14.648275862068967,363444.0
그날의 분위기,2,23.635714285714286,3854095.0
거미의 땅,3,9.611627906976745,17484.0
프랑스 영화처럼,1,9.54807692307692,84136.0
극장판 꼬마버스 타요의 에이스 구출작전,1,21.82597402597401,707815.0
하프,2,6.633333333333331,10374.0
오빠생각,0,28.62666666666667,7084541.0
"로봇, 소리",1,30.822,3560360.0
파리의 한국남자,0,5.690099009900986,57315.0
울보,0,5.371052631578951,26479.0
검사외전,0,25.244578313253015,24309850.0
최강전사 미니특공대: 영웅의 탄생,1,14.857258064516126,529010.0
번개맨,0,19.05119047619047,669623.0
멜리스,1,19.70416666666667,206294.0
좋아해줘,3,24.432499999999997,3474394.0
동주,0,30.82574850299401,4939566.0
독도의 영웅들,0,22.193749999999998,2686.0
순정,1,37.864912280701745,1466695.0
귀향,1,27.995495495495497,15054090.0
남과 여,2,20.292500000000004,1178801.0
소꿉놀이,3,13.684905660377362,40912.0
섬. 사라진 사람들,1,22.708695652173915,323378.0
무수단,1,9.750000000000004,314212.0
설행_눈길을 걷다,3,10.958000000000002,149511.0
널 기다리며,1,21.518918918918914,4950342.0
히야,2,17.81875,212093.0
일사각오,1,32.5809523809524,382665.0
글로리데이,0,23.382812499999996,1617448.0
대배우,0,25.725714285714282,2451542.0
커터,2,18.291666666666668,449875.0
수색역,0,11.403703703703703,43360.0
"날, 보러와요",1,21.45576923076923,6812159.0
스틸 플라워,1,11.615094339622642,59362.0
시간이탈자,1,22.017391304347836,9262719.0
4등,0,29.02786885245902,626793.0
해어화,1,31.101886792452827,4647507.0
극장판 프랭키와 친구들: 생명의 나무,0,27.42676056338027,367559.0
업사이드 다운,1,14.425925925925922,84937.0
블랙가스펠2: 소울을 찾는 여정가운데 만난 사람들,1,45.8235294117647,9691.0
두 개의 연애,0,9.326923076923075,23468.0
철원기행,0,12.063636363636363,62023.0
위대한 소원,0,29.27608695652174,3561951.0
탐욕의 별,0,6.981481481481482,18900.0
탐정 홍길동: 사라진 마을,0,34.15892857142857,5080146.0
다이노X 탐험대,1,19.697619047619053,446380.0
극장판 안녕 자두야,2,14.665306122448964,1028665.0
초인,3,19.709090909090904,85316.0
곡성,0,27.325510204081635,20034381.0
엽기적인 그녀 2,1,29.766666666666673,726344.0
눈이라도 내렸으면,0,8.210714285714287,9238.0
사돈의 팔촌,0,7.541304347826087,21825.0
계춘할망,2,44.211940298507464,2315951.0
짐작보다 따뜻하게,1,6.046875000000002,29435.0
드롭박스,0,10.615476190476187,43927.0
달에 부는 바람,1,8.177777777777779,25782.0
레나,1,15.403389830508482,45839.0
아가씨,2,26.81327433628319,13749184.0
양치기들,0,21.71492537313433,114306.0
우리들,3,23.64471153846154,359332.0
소녀와 여자,3,6.1208333333333345,47747.0
특별수사: 사형수의 편지,0,36.845762711864396,5598449.0
비밀은 없다,3,24.123076923076933,1912925.0
삼례,2,14.954761904761906,45479.0
굿바이 싱글,2,32.38030303030303,8494232.0
우리 연애의 이력,3,5.879487179487181,64081.0
사냥,0,13.5,4571964.0
경계,0,8.616666666666669,36794.0
홀리워킹데이,3,8.490000000000002,46874.0
빅뱅 메이드,1,35.95666666666666,277159.0
봉이 김선달,0,38.14999999999998,7847759.0
극장판 프리즘스톤 올스타 셀렉션,1,13.482758620689657,96443.0
트릭,0,19.104761904761908,836576.0
부산행,0,24.05704225352113,22687251.0
인천상륙작전,0,37.62549019607843,14221283.0
덕혜옹주,1,33.45346534653466,14918712.0
국가대표 2,1,35.90307692307691,2579980.0
터널,0,21.89157894736842,19844007.0
슈퍼 프렌즈,0,44.099999999999994,261491.0
서울역,0,12.668627450980393,932894.0
카이: 거울 호수의 전설,1,13.934117647058821,171138.0
파워배틀 와치카 미니카 배틀리그: 불꽃의 질주,0,9.962244897959176,225432.0
"시발, 놈: 인류의 시작",0,6.910714285714286,22018.0
그림자들의 섬,1,12.638636363636364,56974.0
올레,0,20.096153846153832,606050.0
범죄의 여왕,1,21.235087719298246,448125.0
최악의 하루,1,17.08514851485149,584502.0
그랜드파더,0,6.2299999999999995,497544.0
브링 홈: 아버지의 땅,0,27.602272727272727,80272.0
밀정,0,26.39186046511628,23073730.0
"고산자, 대동여지도",1,37.634545454545446,5293124.0
달빛궁궐,3,15.70471698113207,767818.0
왕초와 용가리,0,8.271875000000001,25418.0
나는 증인이다,1,10.784745762711871,11418.0
한강블루스,0,22.977272727272723,28683.0
나홀로 휴가,0,9.759615384615381,274835.0
대결,0,32.00454545454546,754859.0
아수라,0,26.38225806451613,10996064.0
할머니의 먼 집,3,6.984297520661157,82443.0
물숨,3,24.062500000000018,99453.0
죽여주는 여자,1,29.671739130434805,966000.0
그물,0,18.975,720757.0
럭키,0,30.974683544303797,23114625.0
우주의 크리스마스,1,8.969696969696969,68682.0
춘몽,1,8.196703296703296,291968.0
자백,0,41.89349593495934,630258.0
걷기왕,1,32.41269841269842,1416215.0
폭력의 법칙: 나쁜 피 두 번째 이야기,1,12.328571428571431,5145.0
혼숨,0,17.545945945945945,1788619.0
"무현, 두 도시 이야기",0,16.217307692307692,918032.0
흔들리는 물결,0,21.959374999999998,23565.0
두 번째 스물,0,15.52682926829268,232580.0
시간의 종말,0,11.410714285714283,63499.0
스플릿,0,28.377551020408163,4359135.0
시소,2,26.251388888888886,99635.0
"제자도 - 제자,옥한흠2",0,16.471999999999998,172711.0
오 마이 파파,1,15.74745762711864,87153.0
당신자신과 당신의 것,0,11.51060606060606,319011.0
가려진 시간,0,27.82203389830508,4516462.0
야근 대신 뜨개질,3,10.832142857142856,24371.0
연애담,3,25.371,157930.0
순종,1,34.437755102040825,252893.0
워킹 스트리트,0,3.577777777777778,20405.0
형,1,25.646835443037986,12525089.0
딜쿠샤,0,12.139534883720927,29206.0
혼자,0,12.200000000000003,17618.0
나의 살던 고향은,0,19.450000000000006,124419.0
작은 형,0,9.676315789473685,43597.0
미씽: 사라진 여자,3,27.423255813953485,5457165.0
두 남자,0,19.450000000000003,886752.0
판도라,0,42.0175,15663814.0
커튼콜,0,12.434210526315791,109788.0
비치온더비치,3,11.106818181818182,32393.0
우리 손자 베스트,0,10.580645161290324,28428.0
"당신, 거기 있어줄래요",2,29.839999999999996,5752926.0
목숨 건 연애,1,25.095238095238095,782169.0
부릉! 부릉! 브루미즈: 스피더의 모험 일기,1,20.529687499999998,166030.0
마스터,0,29.47671232876712,21207178.0
위켄즈,0,14.359340659340662,55596.0
사랑하기 때문에,0,31.276470588235306,1899188.0
여교사,1,24.222807017543854,758126.0
소시민,0,11.789655172413791,10576.0
문영,3,14.231182795698924,69381.0
7년-그들이 없는 언론,0,13.006756756756754,198152.0
공조,0,28.104166666666664,22995059.0
더 킹,0,31.966666666666672,17465244.0
터닝메카드W: 블랙미러의 부활,1,10.948749999999992,1777237.0
다른 길이 있다,0,15.809803921568623,55064.0
뚜르: 내 생애 최고의 49일,2,33.380263157894724,345134.0
장기왕 : 가락시장 레볼루션,0,8.728947368421052,30641.0
조작된 도시,0,35.6109375,9934541.0
"그래, 가족",2,23.99230769230769,766481.0
재심,0,27.63285714285714,10857330.0
루시드 드림,0,33.20312499999999,1137625.0
싱글라이더,2,22.462857142857143,2397489.0
레이디버그,1,8.7375,280561.0
눈발,0,13.667346938775504,100268.0
해빙,2,12.98983050847458,7315102.0
눈길,3,32.104347826086965,1185784.0
커피 메이트,1,11.758333333333333,183266.0
아티스트: 다시 태어나다,1,15.495555555555544,235441.0
비정규직 특수요원,1,22.833333333333332,1371949.0
왕을 참하라,1,31.922727272727272,43507.0
만담강호,0,13.071428571428568,26121.0
프리즌,0,24.784615384615392,13686052.0
보통사람,0,23.258333333333336,2548965.0
밤의 해변에서 혼자,1,9.744444444444447,491311.0
원라인,0,25.900000000000002,2677785.0
시간위의 집,1,17.00588235294118,1401374.0
어느날,1,22.89428571428571,2373439.0
"다시, 벚꽃",1,10.12962962962963,184832.0
아빠는 딸,1,32.13958333333333,4273287.0
마리안느와 마가렛,2,25.017647058823535,206729.0
지렁이,0,20.483333333333334,26681.0
더 플랜,0,13.553658536585367,337742.0
임금님의 사건수첩,0,33.17090909090909,7674872.0
특별시민,0,21.50566037735848,7451442.0
"서서평, 천천히 평온하게",3,42.9110294117647,476091.0
극장판 또봇: 로봇군단의 습격,1,14.278873239436624,479568.0
보안관,0,31.48513513513513,9485000.0
슈퍼 빼꼼: 스파이 대작전,0,25.898901098901085,362858.0
석조저택 살인사건,1,34.022727272727266,2178493.0
"컴, 투게더",1,14.113636363636353,58549.0
길,1,11.002777777777776,118152.0
불한당: 나쁜 놈들의 세상,0,38.30103092783508,6027238.0
마차 타고 고래고래,0,20.267741935483862,127048.0
고려 아리랑: 천산의 디바,3,8.055045871559633,80063.0
노무현입니다,0,26.366037735849066,7562796.0
쇠파리,0,8.595918367346936,56102.0
꿈의 제인,1,16.459482758620695,239791.0
대립군,0,27.367241379310343,4201250.0
파워배틀 와치카: 와치가면의 역습,0,15.184523809523807,236966.0
바람의 춤꾼,1,6.152112676056337,54494.0
악녀,1,20.167999999999996,5979898.0
델타 보이즈,0,8.736559139784946,83132.0
용순,1,11.710810810810806,318900.0
나는 고양이로소이다,0,16.240000000000002,89328.0
중독노래방,0,12.362500000000002,252465.0
하루,0,25.81176470588235,6647934.0
청춘 합창단 - 또 하나의 꿈,1,50.304,53378.0
파란나비효과,1,34.76153846153846,79674.0
리얼,0,26.92439024390244,3686618.0
직지코드,0,17.77121212121213,92009.0
박열,0,28.99397590361446,11127031.0
노후 대책 없다,0,10.730909090909094,44615.0
재꽃,1,13.841666666666669,94818.0
그 후,0,9.18695652173913,296150.0
파밍 보이즈,2,13.34042553191489,38865.0
올 리브 올리브,2,7.6544444444444455,68564.0
불온한 당신,3,13.858333333333333,68230.0
군함도,0,36.346250000000005,16473111.0
택시운전사,1,32.37114093959732,29440149.0
여자들,0,16.593617021276597,78201.0
청년경찰,0,32.87333333333333,17096798.0
장산범,1,19.689189189189175,4412320.0
공범자들,0,26.838043478260865,1224849.0
브이아이피,0,12.598039215686264,7162745.0
그럼에도 불구하고,0,11.71272727272727,26845.0
더 테이블,1,15.413157894736841,659641.0
밤섬해적단 서울불바다,0,10.419565217391305,72495.0
김광석,0,18.65392156862746,725007.0
"무현, 두 도시 이야기 : 파이널 컷",0,10.268749999999999,166180.0
로마의 휴일,0,24.605263157894733,1372961.0
소나기,0,13.359292035398225,207244.0
살인자의 기억법,0,22.190625000000008,14191701.0
안녕 히어로,2,17.87816091954025,72371.0
저수지 게임,0,17.34225352112676,854048.0
사월의 끝,1,9.106896551724136,8061.0
"귀향, 끝나지 않은 이야기",1,33.49310344827587,360939.0
여배우는 오늘도,3,12.660869565217386,149862.0
구세주: 리턴즈,0,15.74,192045.0
시인의 사랑,2,10.704918032786885,331428.0
이웃집 스타,1,18.36521739130435,404733.0
아이 캔 스피크,2,47.727692307692294,13608851.0
분장,0,13.272307692307692,53072.0
다시 태어나도 우리,1,19.86068376068376,311760.0
땐뽀걸즈,1,17.78470588235294,60458.0
남한산성,0,31.753246753246742,11306399.0
넛잡 2,0,28.024358974358968,1281162.0
범죄도시,0,26.676470588235297,21857583.0
희생부활자,0,12.669999999999996,3498152.0
대장 김창수,0,42.86739130434783,3097549.0
가을 우체국,1,11.603225806451617,112908.0
유리정원,3,15.112195121951217,586967.0
미스 프레지던트,0,20.93877551020408,167769.0
뷰티풀 투모로우,1,27.45952380952381,217497.0
내 친구 정일우,0,9.06057692307692,237325.0
살인자의 기억법 : 새로운 기억,0,10.8625,37211.0
침묵,0,15.76530612244898,3095322.0
올드마린보이,0,39.237662337662336,147170.0
부라더,2,28.286666666666658,8402047.0
메소드,2,17.993617021276595,390326.0
폭력의 씨앗,0,8.593181818181822,69092.0
내게 남은 사랑을,0,45.28260869565216,249463.0
미옥,1,19.644680851063825,2796337.0
고향이 어디세요,0,12.318749999999998,117283.0
채비,1,42.19090909090908,1167848.0
7호실,0,23.309523809523814,3137317.0
로마서 8:37,0,15.870175438596487,82936.0
아이엠 호프맨,1,20.827450980392168,17147.0
꾼,0,29.866101694915248,20765407.0
아기와 나,0,8.735294117647062,98678.0
역모-반란의 시대,0,33.585714285714275,540968.0
푸른노을,0,10.885714285714288,60658.0
반드시 잡는다,0,34.70909090909091,3274680.0
기억의 밤,0,21.109836065573763,8086995.0
아들에게 가는 길,1,23.019444444444442,75183.0
실종2,1,19.65,46714.0
산상수훈,2,51.8047619047619,142371.0
초행,1,12.859459459459462,131859.0
돌아온다,0,10.836842105263175,161357.0
뽀로로 극장판 공룡섬 대모험,1,29.972857142857148,2567143.0
메리 크리스마스 미스터 모,0,12.36949152542373,90171.0
강철비,0,24.6875,11604544.0
련희와 연희,1,1.2952830188679314,34188.0
신과함께-죄와 벌,0,25.054400000000008,34190166.0
1987,0,35.35208333333332,21312684.0
나의 연기 워크샵,3,11.192682926829272,31261.0
광인옥한흠,0,18.802380952380954,21400.0
스타박'스 다방,0,5.95,53099.0
B급 며느리,1,16.60459770114943,245625.0
그것만이 내 세상,0,40.92197802197802,15284445.0
파란입이 달린 얼굴,3,9.767924528301888,34280.0
피의 연대기,3,19.10982142857143,132588.0
젝스키스 에이틴,0,61.05362318840581,120851.0
1급기밀,0,32.857446808510645,1373742.0
비밥바룰라,0,29.96122448979591,539536.0
천화,1,8.085714285714285,33238.0
공동정범,2,15.046093749999997,175182.0
반도에 살어리랏다,0,13.753658536585366,35491.0
기생-꽃의 고백,2,2.1701863354037294,79061.0
누에치던 방,3,9.314062499999999,66061.0
염력,0,21.916,8474419.0
조선명탐정: 흡혈괴마의 비밀,1,25.81833333333333,12162364.0
터닝메카드W: 반다인의 비밀 특별판,1,9.435,273755.0
골든슬럼버,0,21.62325581395349,6106647.0
흥부: 글로 세상을 바꾼 자,1,23.640625,2423750.0
환절기,1,11.046774193548382,109124.0
퍼즐,0,10.875609756097559,11913.0
라라,1,14.035294117647055,45244.0
궁합,2,31.12391304347826,8757824.0
리틀 포레스트,2,31.658715596330293,10339146.0
게이트,1,11.109803921568627,685446.0
우리는 썰매를 탄다,0,13.352941176470587,180610.0
사라진 밤,0,12.151666666666669,9261441.0
괴물들,0,7.156000000000002,87184.0
바나나쏭의 기적,2,19.589285714285715,108005.0
예스 평창!,0,26.600000000000005,34072.0
지금 만나러 갑니다,0,27.921276595744686,15159713.0
치즈인더트랩,0,14.612,2587168.0
엄마의 공책,2,29.953424657534253,207286.0
운동회,0,13.566666666666668,120260.0
소공녀,3,16.738732394366203,673902.0
타클라마칸,0,8.504166666666668,26564.0
미니특공대X,0,10.901123595505622,739833.0
7년의 밤,1,26.538461538461544,3981910.0
곤지암,0,21.716666666666665,14305386.0
바람 바람 바람,0,14.382432432432434,9058939.0
덕구,2,45.853846153846156,2327917.0
번개맨과 신비의 섬,1,16.757142857142853,344771.0
눈꺼풀,0,5.519642857142858,39132.0
머니백,0,23.988000000000003,957144.0
호랑이보다 무서운 겨울손님,1,10.778688524590164,228595.0
스파키,1,14.869230769230771,301762.0
"그날, 바다",0,19.13797468354429,4017194.0
수성못,3,13.157142857142855,72126.0
파파 오랑후탄,2,21.428571428571427,14176.0
나를 기억해,1,15.072093023255809,2348272.0
당신의 부탁,1,14.46,793247.0
무문관,0,15.956190476190468,126809.0
살인소설,0,13.52916666666667,710827.0
클레어의 카메라,1,7.092187499999999,187244.0
챔피언,0,34.95348837209303,6154697.0
레슬러,0,27.829090909090908,6413273.0
해원,1,9.143478260869564,53713.0
임을 위한 행진곡,1,46.91351351351352,245799.0
버닝,0,11.090909090909093,3454797.0
5.18 힌츠페터 스토리,1,7.250537634408596,194810.0
독전,1,24.218918918918927,22022825.0
서산개척단,0,9.765217391304345,131455.0
오목소녀,1,3.5632911392405076,75686.0
다이빙벨 그후,0,18.335294117647052,89609.0
홈,0,7.053703703703703,1558333.0
데자뷰,1,12.509523809523811,1318815.0
남자와 여자,0,34.99615384615385,6283.0
탐정: 리턴즈,1,26.59130434782609,17315887.0
여중생A,1,26.8,1567992.0
튼튼이의 모험,0,9.019696969696968,169617.0
허스토리,2,48.20098039215687,2779140.0
마녀,1,26.01692307692309,13196524.0
나와 봄날의 약속,1,8.97333333333333,132864.0
안나 카레니나,3,24.697058823529414,35090.0
변산,0,41.283333333333324,3482406.0
식구,0,12.681081081081079,66792.0
속닥속닥,1,18.354166666666664,1137462.0
독전: 익스텐디드 컷,0,18.604,715401.0
박화영,1,16.000000000000004,65372.0
행복의 나라,0,5.161764705882352,45798.0
인랑,0,31.432499999999994,3573510.0
신비아파트: 금빛 도깨비와 비밀의 동굴,1,16.060493827160485,1862901.0
해적왕 작스톰,0,17.47,81762.0
신과함께-인과 연,0,28.773043478260867,29031666.0
극장판 헬로카봇 : 백악기 시대,2,24.47692307692307,1935876.0
공작,0,28.99255319148935,15616378.0
22,1,10.185294117647059,54274.0
목격자,0,30.551063829787235,11124668.0
카운터스,0,13.676923076923076,122340.0
오장군의 발톱,0,14.538181818181819,28210.0
소성리,2,9.508536585365855,64996.0
너의 결혼식,1,29.51875,16315110.0
어른도감,2,14.677192982456138,130564.0
상류사회,0,21.99824561403509,6587354.0
살아남은 아이,0,14.090291262135922,217664.0
대관람차,0,7.415624999999999,87343.0
미친도시,0,69.15925925925926,7285.0
나비잠,3,10.431034482758621,205978.0
어둔 밤,0,6.59230769230769,29695.0
맞짱,0,12.350000000000001,9925.0
물괴,0,23.433333333333337,8324911.0
죄 많은 소녀,1,18.511956521739137,216625.0
더 블랙,0,8.663414634146342,32992.0
명당,0,35.17377049180328,8827540.0
안시성,0,32.60259740259741,18227920.0
협상,0,31.16226415094339,8001035.0
나부야 나부야,0,6.382432432432435,69418.0
극장판 뽀잉: 슈퍼 변신의 비밀,1,20.5641975308642,351715.0
"춘천, 춘천",0,5.092857142857142,42545.0
원더풀 고스트,0,29.078723404255314,2151017.0
암수살인,0,29.73582089552239,20398182.0
미쓰백,3,34.34025974025973,5242780.0
배반의 장미,0,11.742857142857146,1027585.0
집의 시간들,2,8.674117647058823,64662.0
창궐,0,26.294000000000004,10186269.0
"이,기적인 남자",0,13.766666666666667,19377.0
풀잎들,1,6.322666666666661,163194.0
늦여름,0,6.60277777777778,22893.0
"1991, 봄",0,14.812500000000012,95436.0
완벽한 타인,1,31.927906976744193,22586592.0
폴란드로 간 아이들,3,23.830656934306564,390414.0
밤치기,3,6.414516129032255,53998.0
동네사람들,0,26.116666666666674,3124795.0
여곡성,1,14.942307692307692,630058.0
군산: 거위를 노래하다,0,7.356944444444445,275247.0
출국,0,31.199999999999992,538561.0
마담 B,1,5.855555555555556,45196.0
인어전설,1,3.9606060606060627,35180.0
번 더 스테이지: 더 무비,1,29.176190476190484,741344.0
해피 투게더,0,39.156666666666666,294116.0
뷰티풀 데이즈,1,12.388888888888884,212118.0
영주,3,10.23521126760563,331806.0
성난황소,0,36.09591836734693,7125952.0
하나식당,2,16.582608695652173,36770.0
국가부도의 날,1,29.7,17664700.0
리스펙트,0,8.233333333333338,83746.0
소녀의 세계,1,13.476923076923075,27054.0
샘,0,13.463888888888889,113769.0
도어락,1,28.909090909090907,8404959.0
런닝맨 : 풀룰루의 역습,1,25.457894736842103,732497.0
리벤져,0,26.589999999999996,52943.0
다영씨,1,5.686075949367085,44929.0
번개맨의 비밀,2,33.974999999999994,289226.0
트와이스랜드,1,29.87857142857143,104666.0
"안녕, 나의 소녀 시절이여",1,7.120652173913049,42397.0
선종 무문관,0,29.982456140350877,12173.0
어른이 되면,3,17.766666666666662,97594.0
마약왕,1,21.680851063829788,7034585.0
스윙키즈,0,32.78048780487806,5880654.0
버블 패밀리,3,7.604109589041101,46214.0
점박이 한반도의 공룡2 : 새로운 낙원,0,30.255882352941185,1683163.0
PMC: 더 벙커,0,24.95892857142857,8304142.0
언니,1,15.030303030303028,1399019.0
내안의 그놈,0,42.92727272727274,9304019.0
말모이,2,47.99684210526316,15074050.0
극장판 공룡메카드: 타이니소어의 섬,1,19.099999999999998,2175076.0
그대 이름은 장미,2,38.55744680851063,1083476.0
언더독,0,29.782291666666662,1505593.0
메이트,0,10.334090909090905,44303.0
극한직업,0,32.627272727272725,49962395.0
얼굴들,0,6.706060606060604,61945.0
러브 유어셀프 인 서울,0,38.181250000000006,777418.0
이월,1,5.5913043478260835,48348.0
뺑반,1,32.8275,6286728.0
극장판 헬로카봇: 옴파로스 섬의 비밀,1,22.818181818181817,1978813.0
시인 할매,2,27.410447761194025,151729.0
기묘한 가족,0,40.24062500000001,2007348.0
증인,0,32.70506329113925,13678651.0
사바하,0,17.824074074074073,13811747.0
로드킬,0,8.636363636363638,7570.0
포항,2,10.527777777777775,20945.0
자전차왕 엄복동,0,22.16470588235294,1604653.0
칠곡 가시나들,1,23.884210526315787,457602.0
"어쩌다, 결혼",1,12.8125,936780.0
항거:유관순 이야기,1,42.713750000000005,6857283.0
국경의 왕,1,9.450724637681155,31831.0
내가 사는 세상,0,6.951807228915663,69725.0
히치하이크,3,9.79411764705882,41823.0
질투의 역사,1,13.699999999999998,142426.0
1919 유관순,3,32.640000000000015,532200.0
우상,0,24.46078431372549,2731850.0
돈,2,27.78125,20123467.0
악질경찰,0,19.992592592592594,3149528.0
썬키스 패밀리,2,14.645161290322582,686151.0
선희와 슬기,3,7.533333333333332,78471.0
강변호텔,0,6.863934426229505,136694.0
생일,2,35.29480519480521,11846767.0
로망,0,41.878571428571426,878556.0
아픈 만큼 사랑한다,1,14.711038961038959,251021.0
한강에게,1,10.0986301369863,73674.0
파도치는 땅,0,8.648717948717948,32036.0
예수보다 낯선,0,3.853968253968255,38033.0
오늘도 평화로운,0,11.439215686274505,50140.0
막다른 골목의 추억,3,8.821818181818182,36973.0
미성년,2,13.928333333333335,4173068.0
왓칭,1,16.554838709677416,1412236.0
"다시, 봄",1,20.81,820497.0
뷰티플 마인드,2,17.008888888888887,484619.0
노무현과 바보들,0,25.87073170731708,636558.0
크게 될 놈,1,34.82800000000001,1130450.0
뽀로로 극장판 보물섬 대모험,1,34.816304347826076,2470597.0
나의 특별한 형제,0,53.673118279569906,6407669.0
굿바이 마이 러브NK: 붉은 청춘,2,10.026415094339624,54281.0
걸캅스,1,29.653125,9015022.0
배심원들,1,40.64310344827586,3064017.0
악인전,0,24.18714285714286,16274336.0
물의 기억,1,30.425581395348843,372483.0
교회오빠,0,23.36123595505617,582200.0
뷰티풀 보이스,0,16.703846153846147,125035.0
어린 의뢰인,1,37.687096774193556,2525210.0
김군,0,16.346464646464657,210831.0
시민 노무현,1,14.51718749999999,218351.0
보희와 녹양,2,11.488095238095239,92440.0
0.0MHz,1,20.98709677419354,718957.0
소은이의 무릎,1,7.988095238095236,17601.0
옹알스,1,11.518000000000011,103128.0
기생충,0,30.744881889763786,31016572.0
노리개: 그녀의 눈물,0,26.12777777777778,75817.0
롱 리브 더 킹: 목포 영웅,0,33.65185185185186,5613210.0
에움길,1,18.944705882352952,169122.0
비스트,0,16.468421052631573,1635591.0
귀신의 향기,0,6.109523809523809,35231.0
별의 정원,1,33.54186046511627,182452.0
기방도령,0,32.3,2085857.0
진범,0,23.711538461538456,1114689.0
난폭한 기록,0,25.345000000000002,171148.0
극장판 샤이닝스타:새로운 루나퀸의 탄생!,2,23.025000000000002,168858.0
발광하는 현대사,0,12.633333333333333,38801.0
공포체험단 곤지암편,0,8.463636363636365,35563.0
나랏말싸미,0,42.08923076923077,6624529.0
레드슈즈,1,43.55833333333334,2433085.0
굿바이 썸머,0,8.194871794871796,71572.0
사자,0,37.02978723404256,7106703.0
엑시트,0,29.335238095238097,32797179.0
봉오동 전투,0,36.54084507042253,16983985.0
브링 더 소울 : 더 무비,0,27.83333333333333,1520809.0
캐리tv 러브콘서트 더 무비,1,18.819999999999997,205335.0
려행,1,8.580487804878048,48454.0
김복동,1,38.12999999999998,692930.0
"안녕, 티라노: 영원히, 함께",0,17.405681818181797,892876.0
사랑의 선물,0,23.856250000000006,32075.0
밤의 문이 열린다,3,15.096923076923073,37612.0
암전,1,27.504255319148943,634160.0
이타미 준의 바다,2,17.563076923076924,182069.0
변신,1,25.924074074074074,9622687.0
광대들: 풍문조작단,0,21.537837837837838,3969623.0
우리집,3,15.547368421052628,546858.0
유열의 음악앨범,2,25.19122807017544,10634279.0
불빛 아래서,0,13.423255813953487,30334.0
벌새,3,25.19753086419752,788405.0
